field,p01,p99,below_p01_count,above_p99_count,min_security,min,max_security,max
offline_oversubscription_ratio,13.6334,10730.721170000003,13,13,一诺威,1.23,埃泰克,13987.6532
offline_allotment_ratio_pct,0.0093190676,7.351928613800064,13,13,埃泰克,0.00714916,一诺威,81.04368962
offer_price_yuan,3.3868,158.7754000000008,17,17,龙腾光电,1.22,禾迈股份,557.8
issue_amount_100m_yuan,0.83378,68.98489882604402,17,17,永顺生物,0.35856,中芯国际,532.3019398
ipo_pe_diluted,10.177,347.3048999999992,16,16,海博思创,6.14,孚能科技,1737.49
inquiry_subscription_total_10k,24489.3164,69560444.40000035,13,13,永顺生物,1452.88,和辉光电-U,227025750.0
inquiry_investors_count,211.68,843.2800000000007,13,13,一诺威,58.0,贝特瑞,1175.0
