field,p01,p99,below_p01_count,above_p99_count,min_security,min,max_security,max
offline_oversubscription_ratio,293.35461100000003,10746.809842999997,12,12,金山办公,107.9693,埃泰克,13987.6532
offline_allotment_ratio_pct,0.0093050942,0.340932239799999,12,12,埃泰克,0.00714916,金山办公,0.92618932
offline_subscription_total_10k,532944.3,57513059.59999971,12,12,心脉医疗,262930.0,和辉光电-U,198700240.0
offer_price_yuan,3.5671,164.35379999999995,14,14,龙腾光电,1.22,禾迈股份,557.8
issue_amount_100m_yuan,2.0464750329399997,74.87596517894981,14,14,读客文化,0.620155,中芯国际,532.3019398
ipo_pe_diluted,10.7905,376.21900000000073,13,13,海博思创,6.14,孚能科技,1737.49
clawback_ratio_pct,0.0,40.0,0,0,利安科技,0.0,世盟股份,40.0
