model,n,mae,rmse,r2,spearman
board_mean,624,0.37036868301878895,0.5318129826543706,0.5292656428619282,0.2700051450516238
board_recent_mean,624,0.3471642910682583,0.5196474763485975,0.5505559124244145,0.2996127322860758
lgbm_inquiry,624,0.11304537775766448,0.23983937776761946,0.9042587696386795,0.9536387208297321
ridge_basic,624,0.387688137006221,0.6808757842884721,0.22839718433476675,0.5395961476725523
ridge_inquiry,624,0.31964761107041884,0.6993463992629552,0.18596568427864724,0.7550879367823188
