model,stage,n,mae,rmse,r2,spearman
board_mean_t6,T6,624,0.37036868301878895,0.5318129826543706,0.5292656428619282,0.2700051450516238
lgbm_t1,T1,624,0.11553515118304859,0.24522202978880536,0.8999131565760655,0.9504992715150019
lgbm_t1plus,T1PLUS,624,0.10309146459814598,0.22247971894026777,0.9176167575242369,0.9665083096678604
lgbm_t6,T6,624,0.3609148738158055,0.5091258714549551,0.5685719683132198,0.48748689961723674
ridge_t1,T1,624,0.3168625943879601,0.715444327465836,0.14805861426936895,0.7408575379676504
